{"cameraMode":{"drawMode":0,"name":"Shaded","section":"Shading Mode"},"sceneLighting":false,"audioPlay":false,"sceneViewState":{"m_AlwaysRefresh":false,"showFog":true,"showSkybox":false,"showFlares":true,"showImageEffects":true,"showParticleSystems":true,"showVisualEffectGraphs":true,"m_FxEnabled":true},"in2DMode":false,"pivot":{"x":1.082675576210022,"y":1.402390480041504,"z":-1.0198278427124024},"rotation":{"x":0.04098249599337578,"y":0.01838243007659912,"z":-0.0007585925632156432,"w":0.9990077614784241},"size":2.7199079990386965,"orthographic":false}