{"cameraMode":{"drawMode":0,"name":"Shaded","section":"Shading Mode"},"sceneLighting":false,"audioPlay":false,"sceneViewState":{"m_AlwaysRefresh":false,"showFog":true,"showSkybox":false,"showFlares":true,"showImageEffects":true,"showParticleSystems":true,"showVisualEffectGraphs":true,"m_FxEnabled":true},"in2DMode":false,"pivot":{"x":-28.215150833129884,"y":36.90113830566406,"z":-8.529834747314454},"rotation":{"x":-0.025490667670965196,"y":0.028492385521531106,"z":0.0006574831204488874,"w":0.9993438720703125},"size":35.5800895690918,"orthographic":false}