{"cameraMode":{"drawMode":0,"name":"Shaded","section":"Shading Mode"},"sceneLighting":true,"audioPlay":false,"sceneViewState":{"m_AlwaysRefresh":false,"showFog":true,"showSkybox":true,"showFlares":true,"showImageEffects":true,"showParticleSystems":true,"showVisualEffectGraphs":true,"m_FxEnabled":true},"in2DMode":false,"pivot":{"x":0.9084965586662293,"y":25.305362701416017,"z":0.2501983642578125},"rotation":{"x":0.023999730125069619,"y":0.003000246360898018,"z":-0.000152458407683298,"w":0.9997918009757996},"size":60.32627868652344,"orthographic":false}