{"cameraMode":{"drawMode":0,"name":"Shaded","section":"Shading Mode"},"sceneLighting":false,"audioPlay":false,"sceneViewState":{"m_AlwaysRefresh":false,"showFog":true,"showSkybox":false,"showFlares":true,"showImageEffects":true,"showParticleSystems":true,"showVisualEffectGraphs":true,"m_FxEnabled":true},"in2DMode":false,"pivot":{"x":-2.5142195224761965,"y":0.04444742202758789,"z":0.5422401428222656},"rotation":{"x":0.25621697306632998,"y":-0.052747659385204318,"z":0.014003781601786614,"w":0.9650871753692627},"size":7.481878280639648,"orthographic":false}