{"cameraMode":{"drawMode":0,"name":"Shaded","section":"Shading Mode"},"sceneLighting":true,"audioPlay":false,"sceneViewState":{"m_AlwaysRefresh":false,"showFog":true,"showSkybox":true,"showFlares":true,"showImageEffects":true,"showParticleSystems":true,"showVisualEffectGraphs":true,"m_FxEnabled":true},"in2DMode":false,"pivot":{"x":-3.757293701171875,"y":115.58354187011719,"z":-82.8064193725586},"rotation":{"x":0.4417804777622223,"y":0.005586747545748949,"z":-0.002914682263508439,"w":0.8973100185394287},"size":72.33736419677735,"orthographic":true}