{"cameraMode":{"drawMode":0,"name":"Shaded","section":"Shading Mode"},"sceneLighting":false,"audioPlay":false,"sceneViewState":{"m_AlwaysRefresh":false,"showFog":true,"showSkybox":false,"showFlares":true,"showImageEffects":true,"showParticleSystems":true,"showVisualEffectGraphs":true,"m_FxEnabled":true},"in2DMode":false,"pivot":{"x":-2.819999933242798,"y":0.7000000476837158,"z":0.24000000953674317},"rotation":{"x":-0.15522347390651704,"y":-0.0429602712392807,"z":-0.006741084158420563,"w":0.9869353771209717},"size":1.0307763814926148,"orthographic":true}